mutation_name,label,pred
"F106E,H119Q,A134G",-0.375619,-0.12059541
"P22A,E41R,K133D",-0.17075486,-0.16972156
"A19R,L115W,E136D",-0.2895446,0.027042186
"P22A,A57D,M131I",0.1784081,0.020246506
"K56E,A125S,N145S",0.04756717,0.35307723
"A19N,I30L,D126G",-0.028744318,0.06881612
"A19V,E27W,K50C",-0.36288384,-0.17695476
"K50P,H119Q,Q128L",-0.45744362,-0.20986772
"V28L,K118R,A125F",-0.29674792,0.018922286
"A19N,K78T,Q113L",0.070688255,0.1740005
"D4V,K77P,K140M",-0.30365875,-0.034593493
"W7M,E41K,D53G",-0.13435216,-0.13440026
"N12S,L115G,A125S",-0.18779647,-0.19512786
"N12H,Q26K,G74A",0.09132008,-0.1846084
"F43L,K47N,L69Y",0.2513967,-0.19847533
"F43L,S51A,Q128L",-0.18803617,0.08454924
"A125P,N145I,Y146S",0.05498975,-0.11584705
"M55R,A84G,L115F",-0.33725327,-0.14091466
"M55D,G65L,M142S",-0.34594813,-0.32732028
"M55C,A66F,Q128G",0.12635568,-0.23722231
"M55C,A66F,A134S",-0.118157774,-0.27617502
"M0S,Q26H,I99S",0.160669,-0.11772732
"N12M,K16T,A125D",-0.34820423,-0.067235276
"M55Y,G80V,G153A",0.17101091,-0.15601304
"K47R,D53R,V68C",-0.18251462,-0.09114893
"N12D,G129S,M131T",0.063551426,-0.07340282
"N12D,I30W,T70S",0.0781408,0.009731531
"N12C,P100S,M131T",-0.3615182,-0.3126505
"E59V,T67W,A134H",0.009704883,-0.15248899
"K16S,E54G,L69K",-0.3162456,-0.44248608
"M0E,E105C,E136V",0.19877733,-0.008009698
"K16S,P88R,S144Y",0.08024775,-0.13813034
"M55V,A134S,S144C",-0.3114153,-0.22196147
"N12G,E41P,K133Y",-0.2960044,-0.34571213
"N12H,G74A,K133R",0.034231257,-0.23346464
"N12V,L40V,E109L",-0.3160067,-0.24372593
"W7D,G25V,S144Y",-0.35245726,-0.34451187
"N12G,A130G,F151L",0.023644628,-0.15264408
"N12G,K16T,A134R",-0.37522164,-0.27189904
"E41M,L76R,K147Y",-0.38571414,-0.27801493
"S58P,P120Y,M142R",-0.22743973,-0.45878634
"Q26H,F46S,D53V",0.17113017,-0.3053506
"D60T,A130R,R139W",-0.33924878,-0.30891728
"G80W,E109Y,P120T",-0.013652117,-0.1694921
"G25V,I111L,G153A",0.21000496,-0.09258219
"D53R,I75D,Q128R",-0.32546413,-0.12131354
"D53R,I75D,P120T",-0.3320453,-0.2477864
"Q8F,A19P,R31E",-0.27341577,0.11170742
"H24P,M55L,D60T",0.22362001,-0.08618124
"L49R,S117T,G124A",-0.3582184,-0.17318031
"L40G,V68I,E136V",0.010242938,-0.05439114
"L29S,R31H,K133R",-0.36344975,-0.41536182
"R31A,I111L,S144R",-0.09387468,-0.00957294
"R31A,E41H,L76W",0.1478255,-0.07372996
"L40E,K50N,E54G",-0.34301543,-0.21123573
"L32G,G74A,K147P",-0.37337273,-0.24467865
"Q26T,H82G,R139C",0.08439494,0.07610432
"L9K,D53G,G153S",-0.34975338,-0.026387174
"Q26W,L61Y,E83A",-0.36511192,-0.25198
"S3T,L40V,F138C",-0.08660014,-0.16337724
"L40R,L69Y,Q116C",-0.37879518,-0.43697667
"E6S,A57V,M131R",-0.38369027,-0.17500386
"G1L,D60I,N145I",-0.20666477,-0.15970041
"V13S,S58E,L69F",-0.34854326,-0.11082336
"V10R,K42R,V101S",-0.36166608,-0.22498868
"G1S,Q26K,G153S",-0.36175993,-0.07325263
"G1R,V13Q,M142I",-0.11375598,-0.14388266
"G1L,L40G,E136L",-0.33531198,-0.18990609
"V13Q,F46V,Y146S",-0.28157327,-0.23739746
"G1L,L40G,E136D",-0.34494078,-0.10551112
"P22N,L40R,N145S",0.23857632,0.15746902
"I30L,V101S,S144W",0.010662376,0.13926269
"P22Q,S58E,L69F",-0.42780298,-0.13427046
"V13S,K96E,N145S",-0.051152807,0.27923
"V17G,L29H,D126G",-0.36638293,-0.32687464
"K96G,I112G,A125F",-0.23480055,-0.13837004
"L61Y,L89G,D122L",-0.35237366,-0.25982127
"L29S,E41N,K56M,E85G",-0.20376028,-0.17176461
"K62S,K102I,Q116W,G121Y",-0.4432375,-0.5201073
"E18L,G25R,H48Y,A134R",-0.39863738,-0.57514864
"H24T,A125S,A130G,A134G",-0.3397902,0.02208253
"H24P,E41R,S58M,K96W",0.24010526,-0.15191182
"L69F,K102I,Q116W,G121Y",-0.3062063,-0.567092
"L9V,P22N,K47R,M131R",-0.3730451,-0.17283054
"V13C,L61V,G65L,E136D",-0.25894153,0.058755454
