mutation_name,label,ESM-1v,ESM-2 (3B),ESM-IF1,ESM-MSA-1b,ProteinMPNN,VESPA
"A125P,N145I,Y146S",0.0549897514283657,-16.55556058883667,-26.645681381225582,-0.0783266339983259,-19.14049005508423,-1.5429126024246216,1.4176465918642855
"A19N,I30L,D126G",-0.0287443175911903,-13.990497159957886,-18.151984214782715,-0.1110570337865259,-18.66802978515625,-1.560854196548462,0.7267819659986148
"A19N,K78T,Q113L",0.0706882551312446,-14.481879234313965,-20.48141431808472,-0.0764253294313108,-20.849260330200195,-1.5404613018035889,0.8262498167291136
"A19R,L115W,E136D",-0.2895446121692657,-19.171367025375368,-33.840882301330566,-0.1110973605861911,-27.71753931045532,-1.5660430192947388,0.990045860476925
"A19V,E27W,K50C",-0.3628838360309601,-25.673598861694337,-35.446855545043945,-0.1776415341860289,-34.535216331481934,-1.6128995418548584,1.1127701132740235
"D4V,K77P,K140M",-0.3036587536334991,-24.197008419036862,-36.95333671569824,-0.1309483515751826,-29.79792070388794,-1.5883349180221558,1.0733106987898893
"D53R,I75D,P120T",-0.3320452868938446,-25.33000469207764,-36.251336097717285,-0.2053043315936993,-32.910500049591064,-1.557983636856079,1.38257347024755
"D53R,I75D,Q128R",-0.325464129447937,-25.235648441314694,-39.57642078399658,-0.1215461631873986,-33.62572145462036,-1.573725342750549,1.2885993868716463
"D60T,A130R,R139W",-0.339248776435852,-24.62556495666504,-40.13339328765869,-0.212380347313819,-29.240269660949707,-1.6088712215423584,1.6108589146240848
"E18L,G25R,H48Y,A134R",-0.3986373841762543,-38.77649431228637,-52.58217668533325,-0.3492811128690645,-40.32800579071045,-1.6133911609649658,1.867187579114792
"E41M,L76R,K147Y",-0.3857141435146332,-27.29140062332153,-41.10104846954346,-0.1759251185825892,-38.10694313049317,-1.6101802587509155,1.2978435034698936
"E59V,T67W,A134H",0.009704883210361,-26.198051261901856,-45.60579872131348,-0.1714848109654017,-36.99313926696777,-1.6067968606948853,1.423560176788148
"E6S,A57V,M131R",-0.3836902678012848,-26.60837106704712,-35.52888822555542,-0.2353545349913759,-29.20221281051636,-1.597969889640808,1.365321405780388
"F106E,H119Q,A134G",-0.3756189942359924,-17.81373736858368,-38.74438667297363,-0.1343974324015828,-29.25403642654419,-1.5997657775878906,1.2500559036003525
"F43L,K47N,L69Y",0.2513966858386993,-23.876791095733644,-40.94934844970703,-0.2094746379109171,-26.725398063659668,-1.5993696451187134,1.6195167238910808
"F43L,S51A,Q128L",-0.188036173582077,-21.36484146118164,-33.42893314361572,-0.1235332736721286,-19.33389711380005,-1.563691020011902,1.421880717175398
"G1L,D60I,N145I",-0.2066647708415985,-19.468856859207158,-29.0911865234375,-0.0824599823394378,-31.8139066696167,-1.5236769914627075,1.4746480833833062
"G1L,L40G,E136D",-0.3449407815933227,-18.356193161010744,-33.10230350494385,-0.0574086176884638,-27.85438108444214,-1.530461311340332,1.3142321444858232
"G1L,L40G,E136L",-0.3353119790554046,-20.330082511901857,-40.287020683288574,-0.0762097247235187,-35.234681129455566,-1.5607367753982544,1.5247578480815704
"G1R,V13Q,M142I",-0.1137559786438942,-16.459983825683594,-26.547653198242188,-0.0576359141956677,-20.38852596282959,-1.5643298625946045,1.2652300043229343
"G1S,Q26K,G153S",-0.3617599308490753,-9.559231948852538,-23.900261402130127,-0.048389583439022,-19.5283465385437,-1.5601518154144287,0.9009508102044244
"G25V,I111L,G153A",0.2100049555301666,-17.03874740600586,-31.23791980743408,-0.2388492931019177,-21.15550947189331,-1.6243001222610474,1.359652730830626
"G80W,E109Y,P120T",-0.0136521169915795,-24.913627243041997,-37.96369552612305,-0.2295044737976868,-31.138906955718998,-1.6180315017700195,1.1768436034330811
"H24P,E41R,S58M,K96W",0.2401052564382553,-35.163922452926634,-52.44983959197998,-0.2521095771294135,-47.392409324646,-1.6259922981262207,1.930918523897442
"H24P,M55L,D60T",0.2236200124025344,-13.641665613651275,-28.3307580947876,-0.1478802569500812,-21.398343563079838,-1.5565060377120972,1.250502750030294
"H24T,A125S,A130G,A134G",-0.3397901952266693,-23.53459758758545,-31.952770233154297,-0.1809157334364854,-28.87340211868286,-1.5936495065689087,1.5471302848365047
"I30L,V101S,S144W",0.0106623759493231,-17.88452820777893,-31.292574882507324,-0.1238720386059253,-28.233790397644043,-1.608319640159607,0.92604547215241
"K16S,E54G,L69K",-0.3162455856800079,-23.431747341156004,-38.38005352020264,-0.1935708182198661,-30.448955059051517,-1.633117437362671,1.30451146073681
"K16S,P88R,S144Y",0.0802477523684501,-19.352148294448853,-35.299089431762695,-0.1701168704342532,-28.43525791168213,-1.6114567518234253,1.005309993270887
"K47R,D53R,V68C",-0.1825146228075027,-23.4843563079834,-36.32191038131714,-0.1203571666370739,-28.959359169006348,-1.5477596521377563,1.2414562626278955
"K50P,H119Q,Q128L",-0.4574436247348785,-17.357403540611266,-35.96806526184082,-0.1571108335024351,-23.165253162384037,-1.575708508491516,1.012407532241741
"K56E,A125S,N145S",0.0475671701133251,-14.974706411361694,-26.075242042541504,-0.0252318939605316,-15.122692584991457,-1.533217430114746,0.805396163353477
"K62S,K102I,Q116W,G121Y",-0.4432375133037567,-33.88909435272217,-53.56713390350342,-0.1068421400986707,-44.40719985961914,-1.599451780319214,1.499944248640321
"K96G,I112G,A125F",-0.2348005473613739,-25.228289699554445,-37.0626335144043,-0.1128854132317878,-33.99118900299072,-1.5903984308242798,1.3234257444724824
"L29S,E41N,K56M,E85G",-0.2037602812051773,-27.909088230133055,-42.59648370742798,-0.1869348303064124,-36.4458270072937,-1.5827137231826782,1.4709737911646203
"L29S,R31H,K133R",-0.36344975233078,-24.60719451904297,-34.45232009887695,-0.1378667261693384,-22.61392641067505,-1.6089080572128296,1.1592384923528525
"L32G,G74A,K147P",-0.373372733592987,-22.76021132469177,-34.89020848274231,-0.1561343700854809,-27.78411293029785,-1.5746628046035769,1.2127537859361612
"L40E,K50N,E54G",-0.3430154323577881,-19.36959590911865,-36.32754230499268,-0.1338318663758118,-23.37069845199585,-1.5976454019546509,1.2553254964270413
"L40G,V68I,E136V",0.0102429380640387,-18.076790809631348,-37.45236396789551,-0.1242899708933644,-25.219837188720703,-1.5788604021072388,1.3040864863102115
"L40R,L69Y,Q116C",-0.378795176744461,-18.957351541519166,-37.468448638916016,-0.1367001223873782,-29.499138355255127,-1.5902153253555298,1.3678147305412731
"L49R,S117T,G124A",-0.3582184016704559,-19.912288331985472,-27.511125564575195,-0.1425806020761464,-19.800382137298584,-1.5775846242904663,0.9233689349323162
"L61Y,L89G,D122L",-0.3523736596107483,-27.04624423980713,-49.58591270446777,-0.2378536075740664,-42.19747066497803,-1.6043875217437744,1.771957224467044
"L69F,K102I,Q116W,G121Y",-0.3062062859535217,-31.871137809753417,-50.882019996643066,-0.1615958275733056,-40.87324047088623,-1.5987712144851685,1.5753738029946471
"L9K,D53G,G153S",-0.3497533798217773,-15.776351928710938,-22.442015647888184,-0.0804110440340908,-22.398475170135494,-1.5431087017059326,0.945908114604874
"L9V,P22N,K47R,M131R",-0.3730450868606567,-21.352724814414977,-32.08810520172119,-0.2091599501572645,-24.25376796722412,-1.5804747343063354,1.3671209957563684
"M0E,E105C,E136V",0.1987773329019546,-22.1660626411438,-42.6124963760376,-0.0489393952605012,-39.639676094055176,-1.5523127317428589,1.5010287459306673
"M0S,Q26H,I99S",0.1606689989566803,-21.300578308105468,-33.66592216491699,-0.1127612621753246,-30.814650535583496,-1.5863213539123535,1.550632851255639
"M55C,A66F,A134S",-0.1181577742099762,-20.353190612792968,-33.49968719482422,-0.1532065651633523,-26.6190447807312,-1.5833537578582764,1.232127023909404
"M55C,A66F,Q128G",0.1263556778430938,-21.281705379486084,-38.21794319152832,-0.1386591923701299,-28.945757389068604,-1.5555542707443235,1.2316028225876654
"M55D,G65L,M142S",-0.3459481298923492,-30.42826747894287,-48.74019718170166,-0.3290052537794237,-40.16767120361328,-1.621873140335083,1.8643710380907168
"M55R,A84G,L115F",-0.3372532725334167,-18.01407461166382,-30.29635238647461,-0.1427319018871753,-23.25401496887207,-1.5740406513214111,1.18748599617872
"M55V,A134S,S144C",-0.3114153146743774,-17.160022926330566,-29.47973346710205,-0.1848084090592026,-22.011345863342285,-1.5796571969985962,1.0793900008464297
"M55Y,G80V,G153A",0.1710109114646911,-18.735657787323,-38.48271083831787,-0.2571823318283279,-28.171231269836422,-1.568333864212036,1.2858635516504942
"N12C,P100S,M131T",-0.3615182042121887,-22.81729726791382,-31.58752727508545,-0.1113249543425325,-23.030091285705566,-1.5481233596801758,1.2920637261313332
"N12D,G129S,M131T",0.0635514259338378,-12.857565546035769,-25.658304691314697,-0.0219104320971996,-17.631637573242188,-1.50024676322937,0.8917515472395225
"N12D,I30W,T70S",0.078140802681446,-14.539677810668945,-30.141753673553467,-0.1016904162122058,-22.959701538085938,-1.5218664407730105,0.7162311415961582
"N12G,A130G,F151L",0.0236446280032396,-14.019687461853028,-24.63048410415649,-0.1814666351714691,-18.86324119567871,-1.594149112701416,1.0652466744359108
"N12G,E41P,K133Y",-0.2960044145584106,-17.434946155548097,-34.06711959838867,-0.1725448013900161,-32.900495529174805,-1.569858193397522,0.9174769531898436
"N12G,K16T,A134R",-0.3752216398715973,-20.866878175735472,-36.14698886871338,-0.1734304056539164,-25.635303497314453,-1.6421087980270386,1.0521352080891475
"N12H,G74A,K133R",0.0342312566936016,-16.207323694229125,-24.011757135391235,-0.0517915007355924,-11.837148189544678,-1.5437718629837036,0.7042589424737251
"N12H,Q26K,G74A",0.0913200825452804,-12.778661441802978,-21.64092373847961,-0.0492252498478085,-14.195821285247805,-1.5175906419754028,0.675280494318889
"N12M,K16T,A125D",-0.3482042253017425,-19.553247356414797,-39.907222747802734,-0.0831684261173397,-24.36023330688477,-1.5941680669784546,0.9612901583177338
"N12S,L115G,A125S",-0.1877964735031128,-17.429791164398193,-27.64698362350464,-0.1139522403865664,-20.52790689468384,-1.5348739624023438,1.0212213660435543
"N12V,L40V,E109L",-0.3160066902637481,-18.681821489334105,-30.81758403778076,-0.092934546532569,-25.96273899078369,-1.5642093420028689,1.0463033080304989
"P22A,A57D,M131I",0.1784081012010574,-11.04299063682556,-22.10316252708435,-0.0880305302607549,-12.728788375854492,-1.5196340084075928,0.9215494881709568
"P22A,E41R,K133D",-0.1707548648118972,-16.336044216156004,-30.154446363449097,-0.1044285761845575,-26.28082275390625,-1.5698192119598389,0.8906139191013283
"P22N,L40R,N145S",0.2385763227939605,-9.481120896339416,-19.76202392578125,-0.0462378960151177,-14.24079132080078,-1.5032697916030884,1.067465226746226
"P22Q,S58E,L69F",-0.4278029799461365,-17.861770701408386,-30.297844886779785,-0.1774668507761769,-23.211268424987797,-1.5519126653671265,1.2027578051729366
"Q26H,F46S,D53V",0.1711301654577255,-23.869917011260988,-32.58877086639404,-0.1611594658393365,-25.772347450256348,-1.6225043535232544,1.2473174902853803
"Q26T,H82G,R139C",0.0843949392437934,-10.910181021690368,-32.92034435272217,-0.1233359002447747,-24.234495639801025,-1.5672427415847778,1.2698883966820134
"Q26W,L61Y,E83A",-0.3651119172573089,-21.672349739074708,-38.19532823562622,-0.2032696612469562,-32.15982484817505,-1.6089544296264648,1.2069836308177189
"Q8F,A19P,R31E",-0.2734157741069793,-21.49629273414612,-37.308433055877686,-0.1540912776798397,-30.73936653137207,-1.5767295360565186,0.9545743566958204
"R31A,E41H,L76W",0.1478254944086074,-23.58569469451904,-35.58001136779785,-0.135402927150974,-29.75819206237793,-1.5618005990982056,1.119943410222891
"R31A,I111L,S144R",-0.0938746780157089,-16.059444904327393,-30.69610977172852,-0.0807827045391131,-20.80232286453247,-1.5202921628952026,0.9738502128960134
"S3T,L40V,F138C",-0.0866001397371292,-14.915673875808716,-21.6024808883667,-0.103062121899097,-18.82910823822021,-1.5563417673110962,1.268234393559542
"S58P,P120Y,M142R",-0.2274397313594818,-31.764033699035643,-38.18808078765869,-0.3490469796316964,-30.869197845458984,-1.6449178457260132,1.69434108517747
"V10R,K42R,V101S",-0.3616660833358764,-22.009272718429564,-26.46167993545532,-0.134926734032569,-27.51590633392334,-1.5824333429336548,1.3216359015073402
"V13C,L61V,G65L,E136D",-0.2589415311813354,-24.107187843322755,-40.95917463302612,-0.2769549481280438,-31.87984943389893,-1.5895620584487915,1.6691074555448118
"V13Q,F46V,Y146S",-0.2815732657909393,-25.252935123443603,-38.792107582092285,-0.2326616559709822,-29.91066265106201,-1.596691370010376,1.6699687415828053
"V13S,K96E,N145S",-0.0511528067290782,-13.935562992095948,-23.48136329650879,-0.0853473613788555,-19.476105213165283,-1.551642894744873,1.1000974174991152
"V13S,S58E,L69F",-0.348543256521225,-18.11038889884949,-31.85706043243408,-0.2165350975928368,-26.922576904296875,-1.5754785537719729,1.36380345882188
"V17G,L29H,D126G",-0.3663829267024994,-28.99572114944458,-29.84043884277344,-0.2170187219396815,-30.79886245727539,-1.630332589149475,1.4635111931782825
"V28L,K118R,A125F",-0.2967479228973388,-18.66193504333496,-25.77357387542725,-0.0730129093318789,-21.64146900177002,-1.6018503904342651,0.9213959556847334
"W7D,G25V,S144Y",-0.3524572551250458,-21.931222248077397,-39.81910991668701,-0.250694175819298,-34.35145854949951,-1.611435055732727,1.5267686599506134
"W7M,E41K,D53G",-0.1343521624803543,-11.678289556503296,-26.681038856506348,-0.106708675235897,-27.275208950042725,-1.5854408740997314,0.8288347278764409
